File,Start,End,Class,X,Y,Z
1,1.38728125,2.07421875,Cupboard_open_or_close,1.0,1.5,0.6
1,4.07153125,12.24284375,Scissors,-1.5,0.25,-0.3
1,13.90628125,15.07953125,Printer,0.5,1.5,1.0
1,16.90728125,18.43884375,Laughter,-1.5,-0.5,-0.6
1,20.2638125,25.08971875,Computer_keyboard,-0.5,0.75,-1.0
